Component,Origin,License,Copyright
addr2line,https://github.com/gimli-rs/addr2line,Apache-2.0 OR MIT,The addr2line Authors
adler2,https://github.com/oyvindln/adler2,0BSD OR MIT OR Apache-2.0,"Jonas Schievink <jonasschievink@gmail.com>, oyvindln <oyvindln@users.noreply.github.com>"
aho-corasick,https://github.com/BurntSushi/aho-corasick,Unlicense OR MIT,Andrew Gallant <jamslam@gmail.com>
atomic-waker,https://github.com/smol-rs/atomic-waker,Apache-2.0 OR MIT,"Stjepan Glavina <stjepang@gmail.com>, Contributors to futures-rs"
aws-lc-rs,https://github.com/aws/aws-lc-rs,ISC AND (Apache-2.0 OR ISC),AWS-LibCrypto
aws-lc-sys,https://github.com/aws/aws-lc-rs,ISC AND (Apache-2.0 OR ISC) AND OpenSSL,AWS-LC
backtrace,https://github.com/rust-lang/backtrace-rs,MIT OR Apache-2.0,The Rust Project Developers
base64,https://github.com/marshallpierce/rust-base64,MIT OR Apache-2.0,Marshall Pierce <marshall@mpierce.org>
bitflags,https://github.com/bitflags/bitflags,MIT OR Apache-2.0,The Rust Project Developers
bumpalo,https://github.com/fitzgen/bumpalo,MIT OR Apache-2.0,Nick Fitzgerald <fitzgen@gmail.com>
bytes,https://github.com/tokio-rs/bytes,MIT,"Carl Lerche <me@carllerche.com>, Sean McArthur <sean@seanmonstar.com>"
cc,https://github.com/rust-lang/cc-rs,MIT OR Apache-2.0,Alex Crichton <alex@alexcrichton.com>
cexpr,https://github.com/jethrogb/rust-cexpr,Apache-2.0 OR MIT,Jethro Beekman <jethro@jbeekman.nl>
cfg-if,https://github.com/rust-lang/cfg-if,MIT OR Apache-2.0,Alex Crichton <alex@alexcrichton.com>
clang-sys,https://github.com/KyleMayes/clang-sys,Apache-2.0,Kyle Mayes <kyle@mayeses.com>
core-foundation,https://github.com/servo/core-foundation-rs,MIT OR Apache-2.0,The Servo Project Developers
crc32fast,https://github.com/srijs/rust-crc32fast,MIT OR Apache-2.0,"Sam Rijs <srijs@airpost.net>, Alex Crichton <alex@alexcrichton.com>"
displaydoc,https://github.com/yaahc/displaydoc,MIT OR Apache-2.0,Jane Lusby <jlusby@yaah.dev>
either,https://github.com/rayon-rs/either,MIT OR Apache-2.0,bluss
equivalent,https://github.com/indexmap-rs/equivalent,Apache-2.0 OR MIT,The equivalent Authors
errno,https://github.com/lambda-fairy/rust-errno,MIT OR Apache-2.0,"Chris Wong <lambda.fairy@gmail.com>, Dan Gohman <dev@sunfishcode.online>"
filetime,https://github.com/alexcrichton/filetime,MIT OR Apache-2.0,Alex Crichton <alex@alexcrichton.com>
fnv,https://github.com/servo/rust-fnv,Apache-2.0  OR  MIT,Alex Crichton <alex@alexcrichton.com>
futures-channel,https://github.com/rust-lang/futures-rs,MIT OR Apache-2.0,The futures-channel Authors
futures-core,https://github.com/rust-lang/futures-rs,MIT OR Apache-2.0,The futures-core Authors
futures-io,https://github.com/rust-lang/futures-rs,MIT OR Apache-2.0,The futures-io Authors
futures-sink,https://github.com/rust-lang/futures-rs,MIT OR Apache-2.0,The futures-sink Authors
futures-task,https://github.com/rust-lang/futures-rs,MIT OR Apache-2.0,The futures-task Authors
futures-util,https://github.com/rust-lang/futures-rs,MIT OR Apache-2.0,The futures-util Authors
getrandom,https://github.com/rust-random/getrandom,MIT OR Apache-2.0,The Rand Project Developers
gimli,https://github.com/gimli-rs/gimli,MIT OR Apache-2.0,The gimli Authors
glob,https://github.com/rust-lang/glob,MIT OR Apache-2.0,The Rust Project Developers
h2,https://github.com/hyperium/h2,MIT,"Carl Lerche <me@carllerche.com>, Sean McArthur <sean@seanmonstar.com>"
hashbrown,https://github.com/rust-lang/hashbrown,MIT OR Apache-2.0,Amanieu d'Antras <amanieu@gmail.com>
home,https://github.com/rust-lang/cargo,MIT OR Apache-2.0,Brian Anderson <andersrb@gmail.com>
http,https://github.com/hyperium/http,MIT OR Apache-2.0,"Alex Crichton <alex@alexcrichton.com>, Carl Lerche <me@carllerche.com>, Sean McArthur <sean@seanmonstar.com>"
http-body,https://github.com/hyperium/http-body,MIT,"Carl Lerche <me@carllerche.com>, Lucio Franco <luciofranco14@gmail.com>, Sean McArthur <sean@seanmonstar.com>"
httparse,https://github.com/seanmonstar/httparse,MIT OR Apache-2.0,Sean McArthur <sean@seanmonstar.com>
hyper,https://github.com/hyperium/hyper,MIT,Sean McArthur <sean@seanmonstar.com>
hyper-rustls,https://github.com/rustls/hyper-rustls,Apache-2.0 OR ISC OR MIT,The hyper-rustls Authors
hyper-util,https://github.com/hyperium/hyper-util,MIT,Sean McArthur <sean@seanmonstar.com>
icu_collections,https://github.com/unicode-org/icu4x,Unicode-3.0,The ICU4X Project Developers
icu_locale_core,https://github.com/unicode-org/icu4x,Unicode-3.0,The ICU4X Project Developers
icu_normalizer,https://github.com/unicode-org/icu4x,Unicode-3.0,The ICU4X Project Developers
icu_normalizer_data,https://github.com/unicode-org/icu4x,Unicode-3.0,The ICU4X Project Developers
icu_properties,https://github.com/unicode-org/icu4x,Unicode-3.0,The ICU4X Project Developers
icu_properties_data,https://github.com/unicode-org/icu4x,Unicode-3.0,The ICU4X Project Developers
icu_provider,https://github.com/unicode-org/icu4x,Unicode-3.0,The ICU4X Project Developers
idna_adapter,https://github.com/hsivonen/idna_adapter,Apache-2.0 OR MIT,The rust-url developers
indexmap,https://github.com/indexmap-rs/indexmap,Apache-2.0 OR MIT,The indexmap Authors
io-uring,https://github.com/tokio-rs/io-uring,MIT OR Apache-2.0,quininer <quininer@live.com>
ipnet,https://github.com/krisprice/ipnet,MIT OR Apache-2.0,Kris Price <kris@krisprice.nz>
iri-string,https://github.com/lo48576/iri-string,MIT OR Apache-2.0,YOSHIOKA Takuma <nop_thread@nops.red>
itertools,https://github.com/rust-itertools/itertools,MIT OR Apache-2.0,bluss
itoa,https://github.com/dtolnay/itoa,MIT OR Apache-2.0,David Tolnay <dtolnay@gmail.com>
jobserver,https://github.com/rust-lang/jobserver-rs,MIT OR Apache-2.0,Alex Crichton <alex@alexcrichton.com>
js-sys,https://github.com/rustwasm/wasm-bindgen/tree/master/crates/js-sys,MIT OR Apache-2.0,The wasm-bindgen Developers
lazy_static,https://github.com/rust-lang-nursery/lazy-static.rs,MIT OR Apache-2.0,Marvin LÃ¶bel <loebel.marvin@gmail.com>
lazycell,https://github.com/indiv0/lazycell,MIT OR Apache-2.0,"Alex Crichton <alex@alexcrichton.com>, Nikita Pekin <contact@nikitapek.in>"
libc,https://github.com/rust-lang/libc,MIT OR Apache-2.0,The Rust Project Developers
libloading,https://github.com/nagisa/rust_libloading,ISC,Simonas Kazlauskas <libloading@kazlauskas.me>
libredox,https://gitlab.redox-os.org/redox-os/libredox,MIT,4lDO2 <4lDO2@protonmail.com>
linux-raw-sys,https://github.com/sunfishcode/linux-raw-sys,Apache-2.0 WITH LLVM-exception OR Apache-2.0 OR MIT,Dan Gohman <dev@sunfishcode.online>
litemap,https://github.com/unicode-org/icu4x,Unicode-3.0,The ICU4X Project Developers
log,https://github.com/rust-lang/log,MIT OR Apache-2.0,The Rust Project Developers
memchr,https://github.com/BurntSushi/memchr,Unlicense OR MIT,"Andrew Gallant <jamslam@gmail.com>, bluss"
minimal-lexical,https://github.com/Alexhuszagh/minimal-lexical,MIT OR Apache-2.0,Alex Huszagh <ahuszagh@gmail.com>
miniz_oxide,https://github.com/Frommi/miniz_oxide/tree/master/miniz_oxide,MIT OR Zlib OR Apache-2.0,"Frommi <daniil.liferenko@gmail.com>, oyvindln <oyvindln@users.noreply.github.com>, Rich Geldreich richgel99@gmail.com"
mio,https://github.com/tokio-rs/mio,MIT,"Carl Lerche <me@carllerche.com>, Thomas de Zeeuw <thomasdezeeuw@gmail.com>, Tokio Contributors <team@tokio.rs>"
nom,https://github.com/Geal/nom,MIT,contact@geoffroycouprie.com
object,https://github.com/gimli-rs/object,Apache-2.0 OR MIT,The object Authors
once_cell,https://github.com/matklad/once_cell,MIT OR Apache-2.0,Aleksey Kladov <aleksey.kladov@gmail.com>
openssl-probe,https://github.com/alexcrichton/openssl-probe,MIT OR Apache-2.0,Alex Crichton <alex@alexcrichton.com>
pin-project-lite,https://github.com/taiki-e/pin-project-lite,Apache-2.0 OR MIT,The pin-project-lite Authors
pin-utils,https://github.com/rust-lang-nursery/pin-utils,MIT OR Apache-2.0,Josef Brandl <mail@josefbrandl.de>
potential_utf,https://github.com/unicode-org/icu4x,Unicode-3.0,The ICU4X Project Developers
prettyplease,https://github.com/dtolnay/prettyplease,MIT OR Apache-2.0,David Tolnay <dtolnay@gmail.com>
proc-macro2,https://github.com/dtolnay/proc-macro2,MIT OR Apache-2.0,"David Tolnay <dtolnay@gmail.com>, Alex Crichton <alex@alexcrichton.com>"
quote,https://github.com/dtolnay/quote,MIT OR Apache-2.0,David Tolnay <dtolnay@gmail.com>
r-efi,https://github.com/r-efi/r-efi,MIT OR Apache-2.0 OR LGPL-2.1-or-later,The r-efi Authors
redox_syscall,https://gitlab.redox-os.org/redox-os/syscall,MIT,Jeremy Soller <jackpot51@gmail.com>
regex,https://github.com/rust-lang/regex,MIT OR Apache-2.0,"The Rust Project Developers, Andrew Gallant <jamslam@gmail.com>"
regex-automata,https://github.com/rust-lang/regex/tree/master/regex-automata,MIT OR Apache-2.0,"The Rust Project Developers, Andrew Gallant <jamslam@gmail.com>"
regex-syntax,https://github.com/rust-lang/regex/tree/master/regex-syntax,MIT OR Apache-2.0,"The Rust Project Developers, Andrew Gallant <jamslam@gmail.com>"
ring,https://github.com/briansmith/ring,Apache-2.0 AND ISC,The ring Authors
rustc-demangle,https://github.com/rust-lang/rustc-demangle,MIT OR Apache-2.0,Alex Crichton <alex@alexcrichton.com>
rustc-hash,https://github.com/rust-lang-nursery/rustc-hash,Apache-2.0 OR MIT,The Rust Project Developers
rustc-hash,https://github.com/rust-lang/rustc-hash,Apache-2.0 OR MIT,The Rust Project Developers
rustix,https://github.com/bytecodealliance/rustix,Apache-2.0 WITH LLVM-exception OR Apache-2.0 OR MIT,"Dan Gohman <dev@sunfishcode.online>, Jakub Konka <kubkon@jakubkonka.com>"
rustls,https://github.com/rustls/rustls,Apache-2.0 OR ISC OR MIT,The rustls Authors
rustls-native-certs,https://github.com/rustls/rustls-native-certs,Apache-2.0 OR ISC OR MIT,The rustls-native-certs Authors
rustls-pki-types,https://github.com/rustls/pki-types,MIT OR Apache-2.0,The rustls-pki-types Authors
rustls-webpki,https://github.com/rustls/webpki,ISC,The rustls-webpki Authors
rustversion,https://github.com/dtolnay/rustversion,MIT OR Apache-2.0,David Tolnay <dtolnay@gmail.com>
ryu,https://github.com/dtolnay/ryu,Apache-2.0 OR BSL-1.0,David Tolnay <dtolnay@gmail.com>
schannel,https://github.com/steffengy/schannel-rs,MIT,"Steven Fackler <sfackler@gmail.com>, Steffen Butzer <steffen.butzer@outlook.com>"
security-framework,https://github.com/kornelski/rust-security-framework,MIT OR Apache-2.0,"Steven Fackler <sfackler@gmail.com>, Kornel <kornel@geekhood.net>"
serde,https://github.com/serde-rs/serde,MIT OR Apache-2.0,"Erick Tryzelaar <erick.tryzelaar@gmail.com>, David Tolnay <dtolnay@gmail.com>"
serde_json,https://github.com/serde-rs/json,MIT OR Apache-2.0,"Erick Tryzelaar <erick.tryzelaar@gmail.com>, David Tolnay <dtolnay@gmail.com>"
serde_urlencoded,https://github.com/nox/serde_urlencoded,MIT OR Apache-2.0,Anthony Ramine <n.oxyde@gmail.com>
shlex,https://github.com/comex/rust-shlex,MIT OR Apache-2.0,"comex <comexk@gmail.com>, Fenhl <fenhl@fenhl.net>, Adrian Taylor <adetaylor@chromium.org>, Alex Touchet <alextouchet@outlook.com>, Daniel Parks <dp+git@oxidized.org>, Garrett Berg <googberg@gmail.com>"
slab,https://github.com/tokio-rs/slab,MIT,Carl Lerche <me@carllerche.com>
smallvec,https://github.com/servo/rust-smallvec,MIT OR Apache-2.0,The Servo Project Developers
socket2,https://github.com/rust-lang/socket2,MIT OR Apache-2.0,"Alex Crichton <alex@alexcrichton.com>, Thomas de Zeeuw <thomasdezeeuw@gmail.com>"
stable_deref_trait,https://github.com/storyyeller/stable_deref_trait,MIT OR Apache-2.0,Robert Grosse <n210241048576@gmail.com>
subtle,https://github.com/dalek-cryptography/subtle,BSD-3-Clause,"Isis Lovecruft <isis@patternsinthevoid.net>, Henry de Valence <hdevalence@hdevalence.ca>"
syn,https://github.com/dtolnay/syn,MIT OR Apache-2.0,David Tolnay <dtolnay@gmail.com>
sync_wrapper,https://github.com/Actyx/sync_wrapper,Apache-2.0,Actyx AG <developer@actyx.io>
synstructure,https://github.com/mystor/synstructure,MIT,Nika Layzell <nika@thelayzells.com>
tinystr,https://github.com/unicode-org/icu4x,Unicode-3.0,The ICU4X Project Developers
tokio,https://github.com/tokio-rs/tokio,MIT,Tokio Contributors <team@tokio.rs>
tokio-rustls,https://github.com/rustls/tokio-rustls,MIT OR Apache-2.0,The tokio-rustls Authors
tower,https://github.com/tower-rs/tower,MIT,Tower Maintainers <team@tower-rs.com>
tower-http,https://github.com/tower-rs/tower-http,MIT,Tower Maintainers <team@tower-rs.com>
tracing,https://github.com/tokio-rs/tracing,MIT,"Eliza Weisman <eliza@buoyant.io>, Tokio Contributors <team@tokio.rs>"
tracing-core,https://github.com/tokio-rs/tracing,MIT,Tokio Contributors <team@tokio.rs>
try-lock,https://github.com/seanmonstar/try-lock,MIT,Sean McArthur <sean@seanmonstar.com>
unicode-ident,https://github.com/dtolnay/unicode-ident,(MIT OR Apache-2.0) AND Unicode-3.0,David Tolnay <dtolnay@gmail.com>
untrusted,https://github.com/briansmith/untrusted,ISC,Brian Smith <brian@briansmith.org>
url,https://github.com/servo/rust-url,MIT OR Apache-2.0,The rust-url developers
utf8_iter,https://github.com/hsivonen/utf8_iter,Apache-2.0 OR MIT,Henri Sivonen <hsivonen@hsivonen.fi>
want,https://github.com/seanmonstar/want,MIT,Sean McArthur <sean@seanmonstar.com>
wasi,https://github.com/bytecodealliance/wasi,Apache-2.0 WITH LLVM-exception OR Apache-2.0 OR MIT,The Cranelift Project Developers
wasi,https://github.com/bytecodealliance/wasi-rs,Apache-2.0 WITH LLVM-exception OR Apache-2.0 OR MIT,The Cranelift Project Developers
wasm-bindgen,https://github.com/rustwasm/wasm-bindgen,MIT OR Apache-2.0,The wasm-bindgen Developers
wasm-bindgen-backend,https://github.com/rustwasm/wasm-bindgen/tree/master/crates/backend,MIT OR Apache-2.0,The wasm-bindgen Developers
wasm-bindgen-futures,https://github.com/rustwasm/wasm-bindgen/tree/master/crates/futures,MIT OR Apache-2.0,The wasm-bindgen Developers
wasm-bindgen-macro,https://github.com/rustwasm/wasm-bindgen/tree/master/crates/macro,MIT OR Apache-2.0,The wasm-bindgen Developers
wasm-bindgen-macro-support,https://github.com/rustwasm/wasm-bindgen/tree/master/crates/macro-support,MIT OR Apache-2.0,The wasm-bindgen Developers
wasm-bindgen-shared,https://github.com/rustwasm/wasm-bindgen/tree/master/crates/shared,MIT OR Apache-2.0,The wasm-bindgen Developers
web-sys,https://github.com/rustwasm/wasm-bindgen/tree/master/crates/web-sys,MIT OR Apache-2.0,The wasm-bindgen Developers
which,https://github.com/harryfei/which-rs,MIT,Harry Fei <tiziyuanfang@gmail.com>
windows-sys,https://github.com/microsoft/windows-rs,MIT OR Apache-2.0,Microsoft
windows-targets,https://github.com/microsoft/windows-rs,MIT OR Apache-2.0,Microsoft
windows_aarch64_gnullvm,https://github.com/microsoft/windows-rs,MIT OR Apache-2.0,Microsoft
windows_aarch64_msvc,https://github.com/microsoft/windows-rs,MIT OR Apache-2.0,Microsoft
windows_i686_gnu,https://github.com/microsoft/windows-rs,MIT OR Apache-2.0,Microsoft
windows_i686_gnullvm,https://github.com/microsoft/windows-rs,MIT OR Apache-2.0,Microsoft
windows_i686_msvc,https://github.com/microsoft/windows-rs,MIT OR Apache-2.0,Microsoft
windows_x86_64_gnu,https://github.com/microsoft/windows-rs,MIT OR Apache-2.0,Microsoft
windows_x86_64_gnullvm,https://github.com/microsoft/windows-rs,MIT OR Apache-2.0,Microsoft
windows_x86_64_msvc,https://github.com/microsoft/windows-rs,MIT OR Apache-2.0,Microsoft
wit-bindgen-rt,https://github.com/bytecodealliance/wit-bindgen,Apache-2.0 WITH LLVM-exception OR Apache-2.0 OR MIT,The wit-bindgen-rt Authors
writeable,https://github.com/unicode-org/icu4x,Unicode-3.0,The ICU4X Project Developers
xattr,https://github.com/Stebalien/xattr,MIT OR Apache-2.0,Steven Allen <steven@stebalien.com>
yoke,https://github.com/unicode-org/icu4x,Unicode-3.0,Manish Goregaokar <manishsmail@gmail.com>
yoke-derive,https://github.com/unicode-org/icu4x,Unicode-3.0,Manish Goregaokar <manishsmail@gmail.com>
zerofrom,https://github.com/unicode-org/icu4x,Unicode-3.0,Manish Goregaokar <manishsmail@gmail.com>
zerofrom-derive,https://github.com/unicode-org/icu4x,Unicode-3.0,Manish Goregaokar <manishsmail@gmail.com>
zeroize,https://github.com/RustCrypto/utils/tree/master/zeroize,Apache-2.0 OR MIT,The RustCrypto Project Developers
zerotrie,https://github.com/unicode-org/icu4x,Unicode-3.0,The ICU4X Project Developers
zerovec,https://github.com/unicode-org/icu4x,Unicode-3.0,The ICU4X Project Developers
zerovec-derive,https://github.com/unicode-org/icu4x,Unicode-3.0,Manish Goregaokar <manishsmail@gmail.com>
